,Product name,Company,link,Color
0, 1300-1400 Series Tub/Shower Faucet Replacement Valve Cartridge ,DELTA,https://www.winsupplyinc.com/delta/_/A-06933174,
1, Faucet Seats and Springs ,DELTA,https://www.winsupplyinc.com/delta/_/A-06932921,
2, Faucet Springs ,DELTA,https://www.winsupplyinc.com/delta/_/A-06932924,
3, Eva 4 in. 2-Handle High-Arc Bathroom Faucet,MOEN,https://www.winsupplyinc.com/moen/_/A-01146320, Brushed Nickel 
4, Chateau 2-Handle Lavatory Faucet,MOEN,https://www.winsupplyinc.com/moen/_/A-01146344, Chrome 
5, Woodhurst  2-Handle  Centerset Bathroom Faucet,DELTA,https://www.winsupplyinc.com/delta/_/A-06826033, Stainless Steel 
6, Service Sink/Mop Sink Faucet,T&S,https://www.winsupplyinc.com/t-s/_/A-01206102, Chrome 
7, Brantford 4 in. 2-Handle Low Arc Bathroom Faucet,MOEN,https://www.winsupplyinc.com/moen/_/A-01281021, Brushed Nickel 
8, Chateau Mini Blade 2-Handle Laundry Faucet,MOEN,https://www.winsupplyinc.com/moen/_/A-01146501, Chrome 
9, Reliant-3 4 in. 1-Handle Low Arc Centerset Bathroom Faucet,AMERICAN STANDARD,https://www.winsupplyinc.com/american-standard/_/A-01267718, Polished Chrome 
10," Chateau 1-Handle Lavatory Faucet, 50/50 Waste Assembly",MOEN,https://www.winsupplyinc.com/moen/_/A-01144573, Chrome 
11, Classic 1-Handle Centerset Lavatory Faucet with Metal Drain Assembly,DELTA,https://www.winsupplyinc.com/delta/_/A-04004289, Chrome 
12, Foundations 2-Handle Centerset Bathroom Faucet,DELTA,https://www.winsupplyinc.com/delta/_/A-04146252, Chrome 
13, 2-Handle High Arch Bathroom Faucet,MOEN,https://www.winsupplyinc.com/moen/_/A-01281024, Chrome 
14, Wall-Mount 8 in. Utility Faucet,AMERICAN STANDARD,https://www.winsupplyinc.com/american-standard/_/A-05524946, Rough Chrome 
15, Lahara 2-Handle Centerset Bathroom Faucet,DELTA,https://www.winsupplyinc.com/delta/_/A-05165350, Stainless 
16, Monterrey 4 in. Two-Handle High-Arc Bathroom Faucet,AMERICAN STANDARD,https://www.winsupplyinc.com/american-standard/_/A-01010094, Chrome 
17, Chateau 1-Handle Low-Arc Lavatory Faucet,MOEN,https://www.winsupplyinc.com/moen/_/A-01144577, Chrome 
18, Woodhurst 2-Handle High Arc Centerset Bathroom Faucet,DELTA,https://www.winsupplyinc.com/delta/_/A-06969864, Chrome 
19, Classic 1-Handle Lavatory Faucet,DELTA,https://www.winsupplyinc.com/delta/_/A-04127983, Chrome 
